OrderID,CustomerID,OrderDate,OrderStatus,TotalAmount
"ORD-50001","CUST-1530","2026-03-15","Shipped","47788.6"
"ORD-50002","CUST-1577","2025-04-09","Cancelled","78050.76"
"ORD-50003","CUST-1132","2024-09-24","Delivered","6973.8"
"ORD-50004","CUST-1074","2023-02-18","Processing","7298.19"
"ORD-50005","CUST-1420","2024-03-20","Pending","43136.13"
"ORD-50006","CUST-1728","2025-10-04","Cancelled","6973.8"
"ORD-50007","CUST-1636","2023-01-17","Delivered","25895.47"
"ORD-50008","CUST-1017","2025-04-18","Pending","62587.54"
"ORD-50009","CUST-1443","2025-01-08","Cancelled","25010.11"
"ORD-50010","CUST-1759","2024-10-14","Pending","41380.17"
"ORD-50011","CUST-1466","2026-02-28","Delivered","15442.15"
"ORD-50012","CUST-1248","2025-11-01","Cancelled","40309.31"
"ORD-50013","CUST-1346","2025-01-19","Processing","5908.63"
"ORD-50014","CUST-1441","2025-11-11","Delivered","4550.48"
"ORD-50015","CUST-1652","2025-12-19","Delivered","34014.64"
"ORD-50016","CUST-1091","2025-06-29","Shipped","26138.46"
"ORD-50017","CUST-1582","2023-04-19","Processing","30959.62"
"ORD-50018","CUST-1508","2023-10-09","Processing","20210.97"
"ORD-50019","CUST-1311","2023-06-03","Shipped","14973.58"
"ORD-50020","CUST-1526","2026-01-26","Delivered","6209.41"
"ORD-50021","CUST-1750","2026-02-27","Shipped","33050.21"
"ORD-50022","CUST-1559","2025-04-27","Shipped","52556.35"
"ORD-50023","CUST-1471","2026-02-27","Cancelled","31963.12"
"ORD-50024","CUST-1736","2025-01-27","Pending","21591.62"
"ORD-50025","CUST-1045","2026-01-20","Processing","21325.39"
"ORD-50026","CUST-1439","2025-02-03","Delivered","18628.23"
"ORD-50027","CUST-1042","2025-12-21","Processing","40033.25"
"ORD-50028","CUST-1328","2023-04-03","Pending","34717.03"
"ORD-50029","CUST-1498","2026-01-17","Shipped","10383.24"
"ORD-50030","CUST-1067","2023-06-29","Cancelled","55363.74"
"ORD-50031","CUST-1287","2025-03-20","Cancelled","13365.04"
"ORD-50032","CUST-1348","2025-04-25","Delivered","13505.09"
"ORD-50033","CUST-1303","2024-09-17","Delivered","11931.32"
"ORD-50034","CUST-1726","2024-11-15","Processing","10753.72"
"ORD-50035","CUST-1708","2024-12-23","Processing","38645.67"
"ORD-50036","CUST-1017","2023-04-02","Shipped","30324.62"
"ORD-50037","CUST-1762","2025-05-03","Cancelled","3566.69"
"ORD-50038","CUST-1525","2025-02-22","Cancelled","23522.88"
"ORD-50039","CUST-1393","2023-05-10","Cancelled","49460.44"
"ORD-50040","CUST-1432","2025-12-16","Pending","36385.83"
"ORD-50041","CUST-1195","2025-08-26","Cancelled","15504.43"
"ORD-50042","CUST-1541","2023-06-08","Shipped","13297.38"
"ORD-50043","CUST-1684","2023-09-06","Shipped","33621.12"
"ORD-50044","CUST-1180","2024-03-23","Delivered","9673.82"
"ORD-50045","CUST-1046","2026-05-14","Delivered","38394.16"
"ORD-50046","CUST-1393","2024-01-15","Pending","11931.32"
"ORD-50047","CUST-1622","2025-12-13","Delivered","13932"
"ORD-50048","CUST-1482","2025-03-11","Delivered","9434.88"
"ORD-50049","CUST-1748","2024-05-26","Pending","41895.46"
"ORD-50050","CUST-1195","2023-08-26","Pending","28891.62"
"ORD-50051","CUST-1563","2024-06-29","Delivered","37513.34"
"ORD-50052","CUST-1148","2023-02-27","Cancelled","16006.59"
"ORD-50053","CUST-1084","2025-09-08","Cancelled","32498.82"
"ORD-50054","CUST-1156","2023-05-06","Cancelled","45690.88"
"ORD-50055","CUST-1669","2023-05-22","Shipped","42769.94"
"ORD-50056","CUST-1793","2025-10-05","Shipped","18225.29"
"ORD-50057","CUST-1057","2025-06-05","Delivered","8068.28"
"ORD-50058","CUST-1085","2023-12-16","Shipped","13736.21"
"ORD-50059","CUST-1372","2023-08-07","Shipped","40302.1"
"ORD-50060","CUST-1109","2024-09-11","Shipped","40362.81"
"ORD-50061","CUST-1648","2023-09-18","Delivered","41295.64"
"ORD-50062","CUST-1550","2026-04-04","Delivered","9893.58"
"ORD-50063","CUST-1682","2024-12-03","Pending","47373.03"
"ORD-50064","CUST-1288","2026-03-01","Shipped","29878.6"
"ORD-50065","CUST-1247","2025-07-14","Pending","9212.96"
"ORD-50066","CUST-1040","2023-12-09","Cancelled","33212.62"
"ORD-50067","CUST-1651","2024-04-26","Cancelled","13711.7"
"ORD-50068","CUST-1698","2024-01-26","Cancelled","64627.07"
"ORD-50069","CUST-1498","2023-01-04","Processing","13988.28"
"ORD-50070","CUST-1230","2025-10-02","Pending","16414.97"
"ORD-50071","CUST-1045","2025-03-08","Shipped","17371.67"
"ORD-50072","CUST-1159","2024-11-19","Pending","44210.57"
"ORD-50073","CUST-1637","2025-06-23","Cancelled","34418.38"
"ORD-50074","CUST-1120","2026-04-20","Delivered","36019.57"
"ORD-50075","CUST-1591","2026-03-21","Processing","38143.33"
"ORD-50076","CUST-1368","2026-03-14","Processing","19999.51"
"ORD-50077","CUST-1739","2026-02-26","Shipped","48781.63"
"ORD-50078","CUST-1621","2023-01-20","Processing","5376.86"
"ORD-50079","CUST-1660","2025-08-25","Pending","15709.01"
"ORD-50080","CUST-1366","2024-05-18","Cancelled","18628.23"
"ORD-50081","CUST-1558","2025-04-11","Pending","65705.36"
"ORD-50082","CUST-1154","2023-06-07","Processing","7316.54"
"ORD-50083","CUST-1182","2024-04-12","Processing","17671.66"
"ORD-50084","CUST-1377","2026-01-24","Delivered","73293.06"
"ORD-50085","CUST-1017","2023-12-06","Processing","76639.83"
"ORD-50086","CUST-1479","2024-02-05","Cancelled","11834.75"
"ORD-50087","CUST-1045","2023-06-23","Delivered","39231.66"
"ORD-50088","CUST-1267","2026-04-07","Cancelled","13148.75"
"ORD-50089","CUST-1660","2023-04-19","Processing","32853.63"
"ORD-50090","CUST-1523","2026-03-23","Processing","6973.8"
"ORD-50091","CUST-1720","2023-03-05","Shipped","5743.68"
"ORD-50092","CUST-1718","2024-12-09","Cancelled","7525.22"
"ORD-50093","CUST-1194","2024-07-04","Delivered","21754.76"
"ORD-50094","CUST-1149","2023-10-11","Pending","9630.54"
"ORD-50095","CUST-1039","2025-07-14","Shipped","41620.67"
"ORD-50096","CUST-1164","2024-12-26","Cancelled","19162.91"
"ORD-50097","CUST-1766","2025-02-20","Processing","42495.9"
"ORD-50098","CUST-1283","2026-01-25","Shipped","19261.08"
"ORD-50099","CUST-1006","2025-12-11","Cancelled","40748.63"
"ORD-50100","CUST-1645","2023-03-27","Cancelled","7316.54"
"ORD-50101","CUST-1393","2024-06-19","Shipped","43564.7"
"ORD-50102","CUST-1261","2024-08-15","Cancelled","25828.57"
"ORD-50103","CUST-1652","2023-08-17","Cancelled","38367.73"
"ORD-50104","CUST-1659","2026-05-04","Processing","9546.32"
"ORD-50105","CUST-1551","2023-12-09","Cancelled","22363.6"
"ORD-50106","CUST-1664","2023-10-26","Shipped","36902.52"
"ORD-50107","CUST-1008","2024-10-24","Pending","19574.5"
"ORD-50108","CUST-1531","2026-01-14","Delivered","25070.04"
"ORD-50109","CUST-1718","2023-09-30","Shipped","14837.31"
"ORD-50110","CUST-1123","2023-11-10","Delivered","40314.52"
"ORD-50111","CUST-1138","2025-07-09","Cancelled","6209.41"
"ORD-50112","CUST-1158","2024-08-20","Cancelled","16598.51"
"ORD-50113","CUST-1576","2023-10-03","Cancelled","40072.64"
"ORD-50114","CUST-1380","2023-05-22","Cancelled","26368.92"
"ORD-50115","CUST-1321","2023-10-11","Shipped","19261.08"
"ORD-50116","CUST-1529","2023-04-25","Delivered","36030.55"
"ORD-50117","CUST-1048","2026-02-15","Delivered","10943.52"
"ORD-50118","CUST-1595","2024-09-03","Pending","47850.6"
"ORD-50119","CUST-1698","2025-07-14","Cancelled","42283.98"
"ORD-50120","CUST-1248","2024-06-12","Processing","4662.76"
"ORD-50121","CUST-1563","2026-02-21","Pending","29432.37"
"ORD-50122","CUST-1516","2023-02-23","Pending","8255.4"
"ORD-50123","CUST-1644","2023-02-25","Cancelled","48862"
"ORD-50124","CUST-1093","2024-03-04","Shipped","25649.97"
"ORD-50125","CUST-1444","2024-08-03","Pending","10943.52"
"ORD-50126","CUST-1232","2024-06-03","Processing","23437"
"ORD-50127","CUST-1715","2023-07-30","Shipped","47136.54"
"ORD-50128","CUST-1073","2025-01-08","Cancelled","21743.71"
"ORD-50129","CUST-1124","2025-03-20","Pending","15564.54"
"ORD-50130","CUST-1715","2023-06-14","Delivered","39035.83"
"ORD-50131","CUST-1194","2025-01-17","Pending","14244.89"
"ORD-50132","CUST-1710","2024-07-06","Processing","37248.37"
"ORD-50133","CUST-1753","2025-04-16","Cancelled","19801.03"
"ORD-50134","CUST-1784","2026-03-26","Pending","7371.46"
"ORD-50135","CUST-1126","2024-12-03","Processing","40937.88"
"ORD-50136","CUST-1174","2024-10-08","Cancelled","24589.83"
"ORD-50137","CUST-1431","2025-10-06","Cancelled","13882.32"
"ORD-50138","CUST-1451","2025-07-25","Shipped","18206.83"
"ORD-50139","CUST-1212","2024-03-31","Cancelled","8624.57"
"ORD-50140","CUST-1109","2023-01-19","Pending","38672.32"
"ORD-50141","CUST-1151","2024-01-24","Delivered","17998.98"
"ORD-50142","CUST-1537","2026-02-06","Processing","20777.13"
"ORD-50143","CUST-1667","2024-03-22","Shipped","45742.1"
"ORD-50144","CUST-1347","2025-12-12","Cancelled","3566.69"
"ORD-50145","CUST-1152","2023-04-28","Cancelled","30713.29"
"ORD-50146","CUST-1396","2025-06-24","Processing","17725.89"
"ORD-50147","CUST-1011","2024-06-13","Pending","7393.69"
"ORD-50148","CUST-1661","2023-08-04","Processing","2974.74"
"ORD-50149","CUST-1417","2023-02-18","Delivered","39155.4"
"ORD-50150","CUST-1737","2025-07-02","Cancelled","19960.51"
"ORD-50151","CUST-1665","2025-12-05","Delivered","19261.08"
"ORD-50152","CUST-1480","2024-07-16","Processing","46138.9"
"ORD-50153","CUST-1725","2023-05-05","Processing","52133.22"
"ORD-50154","CUST-1156","2025-05-23","Cancelled","31237.02"
"ORD-50155","CUST-1436","2023-07-01","Pending","15584.4"
"ORD-50156","CUST-1122","2023-10-07","Cancelled","42859.74"
"ORD-50157","CUST-1776","2023-05-26","Shipped","8999.49"
"ORD-50158","CUST-1265","2026-01-30","Delivered","4606.48"
"ORD-50159","CUST-1042","2023-01-15","Delivered","34874.21"
"ORD-50160","CUST-1238","2024-07-22","Cancelled","45619.41"
"ORD-50161","CUST-1192","2023-09-05","Delivered","46723.8"
"ORD-50162","CUST-1793","2024-07-24","Processing","5965.66"
"ORD-50163","CUST-1699","2024-06-08","Shipped","3361.5"
"ORD-50164","CUST-1741","2023-03-31","Delivered","35651.28"
"ORD-50165","CUST-1446","2024-10-02","Processing","21876.3"
"ORD-50166","CUST-1253","2023-09-20","Delivered","21329.68"
"ORD-50167","CUST-1634","2024-11-20","Delivered","19664.79"
"ORD-50168","CUST-1265","2023-06-28","Cancelled","33446.65"
"ORD-50169","CUST-1081","2023-09-22","Pending","28884.18"
"ORD-50170","CUST-1085","2026-01-25","Delivered","89660.51"
"ORD-50171","CUST-1247","2024-08-02","Shipped","30549.31"
"ORD-50172","CUST-1741","2024-11-18","Shipped","55284.22"
"ORD-50173","CUST-1757","2023-08-05","Pending","61332.14"
"ORD-50174","CUST-1641","2023-04-14","Shipped","41711.19"
"ORD-50175","CUST-1124","2025-12-12","Processing","10753.72"
"ORD-50176","CUST-1054","2023-09-24","Cancelled","37648.1"
"ORD-50177","CUST-1734","2025-09-23","Cancelled","34268.5"
"ORD-50178","CUST-1165","2023-03-07","Shipped","6759.11"
"ORD-50179","CUST-1046","2026-02-19","Shipped","79329.16"
"ORD-50180","CUST-1375","2025-02-26","Shipped","3566.69"
"ORD-50181","CUST-1763","2023-03-28","Cancelled","5908.63"
"ORD-50182","CUST-1672","2024-10-19","Pending","15095.79"
"ORD-50183","CUST-1333","2025-09-24","Pending","34062.65"
"ORD-50184","CUST-1658","2023-10-20","Shipped","60032.9"
"ORD-50185","CUST-1212","2024-09-29","Delivered","61854.51"
"ORD-50186","CUST-1322","2024-12-23","Processing","15095.79"
"ORD-50187","CUST-1117","2025-08-06","Processing","41089.52"
"ORD-50188","CUST-1081","2026-02-09","Processing","40095.22"
"ORD-50189","CUST-1224","2025-02-09","Pending","33451.99"
"ORD-50190","CUST-1656","2025-02-03","Delivered","11539.81"
"ORD-50191","CUST-1165","2026-01-03","Processing","62297.43"
"ORD-50192","CUST-1343","2025-07-17","Shipped","29853.04"
"ORD-50193","CUST-1687","2026-02-17","Processing","3361.5"
"ORD-50194","CUST-1392","2024-08-26","Pending","42151.75"
"ORD-50195","CUST-1287","2025-06-19","Shipped","38172.76"
"ORD-50196","CUST-1430","2023-03-14","Delivered","11500.14"
"ORD-50197","CUST-1124","2025-11-24","Delivered","4662.76"
"ORD-50198","CUST-1404","2023-01-27","Delivered","38500.07"
"ORD-50199","CUST-1705","2023-07-14","Cancelled","28304.64"
"ORD-50200","CUST-1774","2023-12-09","Shipped","34367.77"
"ORD-50201","CUST-1348","2025-09-03","Cancelled","36704.64"
"ORD-50202","CUST-1666","2025-11-07","Pending","27074.1"
"ORD-50203","CUST-1610","2025-04-14","Processing","15948.52"
"ORD-50204","CUST-1731","2025-08-07","Pending","16130.58"
"ORD-50205","CUST-1014","2024-09-30","Processing","24857.25"
"ORD-50206","CUST-1193","2025-06-29","Cancelled","6162.95"
"ORD-50207","CUST-1370","2025-01-12","Pending","21503.22"
"ORD-50208","CUST-1205","2024-09-16","Delivered","2871.84"
"ORD-50209","CUST-1246","2024-11-30","Processing","45144.37"
"ORD-50210","CUST-1090","2025-11-06","Shipped","20249.7"
"ORD-50211","CUST-1391","2023-06-14","Delivered","30628.69"
"ORD-50212","CUST-1725","2025-12-23","Processing","9502.54"
"ORD-50213","CUST-1735","2023-03-05","Delivered","5743.68"
"ORD-50214","CUST-1425","2023-05-29","Shipped","9325.52"
"ORD-50215","CUST-1017","2023-07-06","Pending","22114.38"
"ORD-50216","CUST-1644","2025-11-15","Delivered","10700.07"
"ORD-50217","CUST-1554","2023-02-24","Pending","18389.21"
"ORD-50218","CUST-1257","2024-12-31","Cancelled","58550.6"
"ORD-50219","CUST-1148","2024-08-16","Delivered","34345.9"
"ORD-50220","CUST-1597","2025-02-09","Shipped","20421.75"
"ORD-50221","CUST-1321","2025-08-31","Pending","19566.4"
"ORD-50222","CUST-1383","2023-05-10","Delivered","14742.92"
"ORD-50223","CUST-1396","2025-11-07","Shipped","16383.38"
"ORD-50224","CUST-1169","2023-05-25","Pending","50869.09"
"ORD-50225","CUST-1464","2024-02-08","Pending","27491.24"
"ORD-50226","CUST-1685","2024-05-05","Processing","51465.94"
"ORD-50227","CUST-1168","2025-06-07","Shipped","50726.36"
"ORD-50228","CUST-1376","2023-06-04","Shipped","41709.09"
"ORD-50229","CUST-1324","2023-03-24","Pending","23972.67"
"ORD-50230","CUST-1629","2025-03-03","Cancelled","41934.29"
"ORD-50231","CUST-1049","2026-03-25","Shipped","5376.86"
"ORD-50232","CUST-1074","2025-01-04","Processing","35997.96"
"ORD-50233","CUST-1017","2025-02-17","Delivered","64512.8"
"ORD-50234","CUST-1005","2024-07-28","Shipped","51178.84"
"ORD-50235","CUST-1550","2023-07-01","Cancelled","23618.82"
"ORD-50236","CUST-1279","2023-01-27","Shipped","52884.85"
"ORD-50237","CUST-1300","2026-04-19","Processing","50740.88"
"ORD-50238","CUST-1055","2025-10-31","Delivered","44046.99"
"ORD-50239","CUST-1332","2025-12-06","Cancelled","34148.04"
"ORD-50240","CUST-1432","2025-02-20","Processing","24236.08"
"ORD-50241","CUST-1783","2025-03-27","Delivered","64588.32"
"ORD-50242","CUST-1331","2023-03-08","Shipped","23374.64"
"ORD-50243","CUST-1744","2024-12-10","Delivered","28530.15"
"ORD-50244","CUST-1800","2023-03-20","Delivered","26882.94"
"ORD-50245","CUST-1568","2025-08-26","Delivered","54339.03"
"ORD-50246","CUST-1609","2023-09-25","Pending","29125.99"
"ORD-50247","CUST-1214","2024-12-23","Pending","38971.57"
"ORD-50248","CUST-1422","2025-06-02","Pending","18023.84"
"ORD-50249","CUST-1770","2024-12-07","Processing","77089.75"
"ORD-50250","CUST-1439","2023-02-15","Cancelled","27550.95"
"ORD-50251","CUST-1089","2025-05-16","Cancelled","34333.95"
"ORD-50252","CUST-1090","2023-08-19","Cancelled","44863.29"
"ORD-50253","CUST-1178","2025-08-24","Cancelled","29426.72"
"ORD-50254","CUST-1418","2024-05-11","Delivered","50429"
"ORD-50255","CUST-1494","2024-02-28","Pending","39676.16"
"ORD-50256","CUST-1666","2024-12-31","Pending","49150.64"
"ORD-50257","CUST-1279","2025-08-20","Processing","9630.54"
"ORD-50258","CUST-1358","2026-03-28","Cancelled","2152.63"
"ORD-50259","CUST-1678","2023-05-19","Delivered","40350.63"
"ORD-50260","CUST-1345","2024-09-18","Cancelled","40194.92"
"ORD-50261","CUST-1188","2025-12-24","Cancelled","8615.52"
"ORD-50262","CUST-1355","2024-02-16","Pending","26373.62"
"ORD-50263","CUST-1002","2023-07-08","Delivered","13988.28"
"ORD-50264","CUST-1075","2025-02-19","Shipped","23097.13"
"ORD-50265","CUST-1141","2025-01-23","Cancelled","11817.26"
"ORD-50266","CUST-1656","2023-05-18","Cancelled","26488.06"
"ORD-50267","CUST-1010","2023-11-10","Cancelled","41913.84"
"ORD-50268","CUST-1336","2025-02-17","Cancelled","2432.73"
"ORD-50269","CUST-1146","2024-05-22","Pending","40011.36"
"ORD-50270","CUST-1275","2025-09-28","Cancelled","24208.39"
"ORD-50271","CUST-1645","2023-03-24","Delivered","36085.72"
"ORD-50272","CUST-1720","2025-06-20","Cancelled","28003.22"
"ORD-50273","CUST-1357","2023-06-12","Pending","22305.59"
"ORD-50274","CUST-1319","2024-12-22","Processing","19574.5"
"ORD-50275","CUST-1741","2023-10-05","Delivered","22359.09"
"ORD-50276","CUST-1737","2026-01-13","Pending","36268.33"
"ORD-50277","CUST-1568","2025-04-11","Delivered","10943.52"
"ORD-50278","CUST-1290","2023-06-22","Cancelled","11953.09"
"ORD-50279","CUST-1363","2025-03-13","Pending","22434.96"
"ORD-50280","CUST-1494","2025-08-03","Delivered","37441.91"
"ORD-50281","CUST-1023","2026-03-11","Cancelled","17641.63"
"ORD-50282","CUST-1374","2025-06-30","Delivered","17654.06"
"ORD-50283","CUST-1420","2024-01-24","Shipped","31596.05"
"ORD-50284","CUST-1561","2023-05-09","Delivered","51035.65"
"ORD-50285","CUST-1718","2023-05-12","Shipped","6614.74"
"ORD-50286","CUST-1430","2023-12-23","Pending","33468.39"
"ORD-50287","CUST-1110","2026-01-29","Cancelled","26189.78"
"ORD-50288","CUST-1639","2026-01-22","Cancelled","12135.15"
"ORD-50289","CUST-1169","2023-04-09","Pending","59034.54"
"ORD-50290","CUST-1505","2024-10-14","Processing","30378.99"
"ORD-50291","CUST-1443","2024-06-09","Delivered","53866.8"
"ORD-50292","CUST-1345","2023-11-11","Pending","41177.01"
"ORD-50293","CUST-1026","2025-03-02","Cancelled","9100.96"
"ORD-50294","CUST-1146","2025-04-05","Cancelled","13819.44"
"ORD-50295","CUST-1610","2023-08-29","Processing","33779.69"
"ORD-50296","CUST-1434","2025-08-18","Delivered","33502.55"
"ORD-50297","CUST-1666","2025-08-31","Pending","4080.39"
"ORD-50298","CUST-1713","2025-02-03","Shipped","24650.87"
"ORD-50299","CUST-1708","2025-05-02","Processing","12930.55"
"ORD-50300","CUST-1176","2025-04-29","Processing","40822.94"
"ORD-50301","CUST-1285","2023-03-09","Delivered","48269.7"
"ORD-50302","CUST-1555","2023-06-25","Cancelled","3510.87"
"ORD-50303","CUST-1706","2024-02-25","Delivered","12418.82"
"ORD-50304","CUST-1352","2025-12-12","Pending","6457.89"
"ORD-50305","CUST-1059","2026-01-07","Processing","28304.64"
"ORD-50306","CUST-1210","2024-08-31","Processing","9630.54"
"ORD-50307","CUST-1476","2023-06-02","Pending","22528.03"
"ORD-50308","CUST-1087","2025-04-13","Processing","25132.52"
"ORD-50309","CUST-1717","2025-06-22","Shipped","33439.7"
"ORD-50310","CUST-1064","2024-06-04","Delivered","29603.04"
"ORD-50311","CUST-1238","2023-05-25","Cancelled","4462.11"
"ORD-50312","CUST-1605","2023-06-08","Delivered","10753.72"
"ORD-50313","CUST-1413","2025-12-29","Cancelled","45847.87"
"ORD-50314","CUST-1097","2026-02-06","Delivered","33392.39"
"ORD-50315","CUST-1576","2026-05-06","Shipped","34070.5"
"ORD-50316","CUST-1310","2023-03-01","Processing","15456.46"
"ORD-50317","CUST-1722","2024-01-20","Delivered","21305.2"
"ORD-50318","CUST-1079","2025-12-08","Shipped","41277.72"
"ORD-50319","CUST-1292","2025-08-03","Cancelled","50809.49"
"ORD-50320","CUST-1613","2026-04-07","Pending","10943.52"
"ORD-50321","CUST-1126","2023-08-06","Shipped","7298.19"
"ORD-50322","CUST-1033","2023-10-06","Delivered","24245.46"
"ORD-50323","CUST-1608","2025-06-21","Processing","30073.23"
"ORD-50324","CUST-1227","2025-09-09","Processing","38299.31"
"ORD-50325","CUST-1766","2025-05-19","Pending","33105.22"
"ORD-50326","CUST-1129","2025-06-03","Processing","20169.6"
"ORD-50327","CUST-1242","2026-02-12","Cancelled","13651.44"
"ORD-50328","CUST-1553","2024-10-30","Cancelled","10974.81"
"ORD-50329","CUST-1723","2023-04-02","Processing","19005.08"
"ORD-50330","CUST-1008","2024-09-15","Processing","31589.26"
"ORD-50331","CUST-1737","2025-08-25","Delivered","43807.75"
"ORD-50332","CUST-1436","2023-03-05","Shipped","40139.67"
"ORD-50333","CUST-1493","2023-02-14","Shipped","28526.61"
"ORD-50334","CUST-1511","2025-09-15","Shipped","33291.25"
"ORD-50335","CUST-1003","2024-11-16","Processing","10389.6"
"ORD-50336","CUST-1617","2024-11-13","Pending","2871.84"
"ORD-50337","CUST-1388","2023-11-22","Delivered","30593.5"
"ORD-50338","CUST-1150","2023-03-27","Pending","17153.28"
"ORD-50339","CUST-1498","2024-04-22","Delivered","34135.27"
"ORD-50340","CUST-1784","2024-07-11","Cancelled","29183.09"
"ORD-50341","CUST-1163","2023-04-14","Processing","16907.87"
"ORD-50342","CUST-1783","2023-11-19","Delivered","14742.92"
"ORD-50343","CUST-1209","2023-01-08","Processing","12182.21"
"ORD-50344","CUST-1712","2023-02-23","Delivered","22311.13"
"ORD-50345","CUST-1259","2025-04-27","Delivered","38678.87"
"ORD-50346","CUST-1168","2023-11-16","Processing","17946.45"
"ORD-50347","CUST-1613","2024-08-29","Shipped","36552.47"
"ORD-50348","CUST-1408","2024-10-15","Cancelled","7298.19"
"ORD-50349","CUST-1494","2024-08-30","Processing","25226.74"
"ORD-50350","CUST-1394","2023-04-10","Processing","32835.81"
"ORD-50351","CUST-1566","2023-05-28","Shipped","59263.98"
"ORD-50352","CUST-1290","2024-10-28","Shipped","12418.82"
"ORD-50353","CUST-1634","2026-01-05","Delivered","18337.44"
"ORD-50354","CUST-1639","2023-10-08","Delivered","12168.6"
"ORD-50355","CUST-1662","2024-05-04","Shipped","53326.21"
"ORD-50356","CUST-1313","2025-12-15","Pending","6614.74"
"ORD-50357","CUST-1543","2024-10-23","Cancelled","19657.38"
"ORD-50358","CUST-1240","2025-01-21","Delivered","43627.1"
"ORD-50359","CUST-1327","2023-04-06","Processing","20853.84"
"ORD-50360","CUST-1354","2023-04-29","Shipped","40747.19"
"ORD-50361","CUST-1452","2023-03-06","Pending","7021.74"
"ORD-50362","CUST-1772","2025-09-26","Shipped","33541.24"
"ORD-50363","CUST-1490","2023-08-14","Delivered","28507.62"
"ORD-50364","CUST-1052","2023-12-05","Cancelled","57138.92"
"ORD-50365","CUST-1568","2024-10-03","Delivered","5031.93"
"ORD-50366","CUST-1435","2023-08-06","Processing","78704.95"
"ORD-50367","CUST-1308","2025-09-18","Processing","9502.54"
"ORD-50368","CUST-1366","2024-09-26","Processing","26267.32"
"ORD-50369","CUST-1298","2026-02-24","Processing","36858.41"
"ORD-50370","CUST-1023","2025-12-17","Cancelled","44100.96"
"ORD-50371","CUST-1308","2026-04-14","Shipped","4649.2"
"ORD-50372","CUST-1067","2023-06-21","Cancelled","28470.33"
"ORD-50373","CUST-1131","2024-05-09","Pending","24191.93"
"ORD-50374","CUST-1687","2026-03-18","Delivered","11817.26"
"ORD-50375","CUST-1622","2025-03-24","Cancelled","3361.5"
"ORD-50376","CUST-1234","2023-10-20","Shipped","31900.4"
"ORD-50377","CUST-1271","2023-11-05","Delivered","32542.45"
"ORD-50378","CUST-1403","2025-08-20","Shipped","31681.73"
"ORD-50379","CUST-1313","2025-04-30","Processing","39276.93"
"ORD-50380","CUST-1554","2024-12-22","Cancelled","4550.48"
"ORD-50381","CUST-1717","2025-03-12","Shipped","46185.38"
"ORD-50382","CUST-1435","2025-06-02","Shipped","36420.96"
"ORD-50383","CUST-1793","2023-01-20","Shipped","53725.48"
"ORD-50384","CUST-1248","2024-09-05","Processing","28523.14"
"ORD-50385","CUST-1372","2025-06-17","Delivered","36379.95"
"ORD-50386","CUST-1324","2024-01-21","Shipped","4662.76"
"ORD-50387","CUST-1376","2024-01-15","Delivered","29915.81"
"ORD-50388","CUST-1788","2025-04-27","Delivered","27035.76"
"ORD-50389","CUST-1255","2025-03-05","Shipped","30222.28"
"ORD-50390","CUST-1526","2024-10-09","Cancelled","53983.5"
"ORD-50391","CUST-1532","2026-01-26","Shipped","24289.31"
"ORD-50392","CUST-1543","2026-05-15","Shipped","55725.09"
"ORD-50393","CUST-1657","2024-08-10","Processing","4462.11"
"ORD-50394","CUST-1398","2023-01-14","Delivered","38066.25"
"ORD-50395","CUST-1310","2023-08-27","Shipped","56229.36"
"ORD-50396","CUST-1155","2024-02-18","Shipped","23167.14"
"ORD-50397","CUST-1649","2025-10-10","Pending","43569.32"
"ORD-50398","CUST-1001","2024-11-20","Processing","18869.76"
"ORD-50399","CUST-1039","2024-02-05","Shipped","20540.97"
"ORD-50400","CUST-1157","2024-09-28","Delivered","35924.01"
"ORD-50401","CUST-1222","2025-04-03","Delivered","18538.48"
"ORD-50402","CUST-1305","2025-07-15","Pending","20022.02"
"ORD-50403","CUST-1384","2026-02-04","Cancelled","7298.19"
"ORD-50404","CUST-1513","2024-06-13","Processing","17675"
"ORD-50405","CUST-1381","2025-05-23","Processing","10900.64"
"ORD-50406","CUST-1753","2023-11-27","Pending","18369.92"
"ORD-50407","CUST-1104","2025-10-26","Delivered","42573.59"
"ORD-50408","CUST-1598","2025-07-28","Processing","25649.97"
"ORD-50409","CUST-1272","2025-10-27","Processing","35174.94"
"ORD-50410","CUST-1607","2023-11-05","Pending","23561.38"
"ORD-50411","CUST-1254","2024-03-07","Pending","45525.86"
"ORD-50412","CUST-1619","2025-05-31","Pending","17998.98"
"ORD-50413","CUST-1555","2023-11-14","Delivered","18023.84"
"ORD-50414","CUST-1598","2025-03-04","Processing","68699.59"
"ORD-50415","CUST-1784","2023-10-06","Processing","47499.35"
"ORD-50416","CUST-1440","2026-01-26","Delivered","23375.84"
"ORD-50417","CUST-1653","2023-03-22","Processing","10243.34"
"ORD-50418","CUST-1796","2025-05-04","Processing","5194.8"
"ORD-50419","CUST-1254","2025-02-28","Pending","7133.38"
"ORD-50420","CUST-1112","2025-10-08","Processing","23310.34"
"ORD-50421","CUST-1015","2024-03-14","Delivered","6162.95"
"ORD-50422","CUST-1430","2025-04-30","Delivered","25924.99"
"ORD-50423","CUST-1764","2024-01-26","Shipped","6162.95"
"ORD-50424","CUST-1045","2023-02-08","Pending","29040.09"
"ORD-50425","CUST-1391","2025-01-10","Shipped","7004.64"
"ORD-50426","CUST-1149","2023-06-26","Pending","23096.04"
"ORD-50427","CUST-1320","2025-09-03","Shipped","5960.27"
"ORD-50428","CUST-1610","2023-10-16","Pending","4662.76"
"ORD-50429","CUST-1045","2026-01-29","Pending","19256.12"
"ORD-50430","CUST-1283","2023-07-13","Pending","39097.18"
"ORD-50431","CUST-1497","2026-05-17","Cancelled","34100.87"
"ORD-50432","CUST-1332","2023-08-27","Cancelled","25805.54"
"ORD-50433","CUST-1083","2024-08-15","Delivered","38131.44"
"ORD-50434","CUST-1435","2023-10-12","Delivered","22906.13"
"ORD-50435","CUST-1203","2023-09-05","Processing","26984.09"
"ORD-50436","CUST-1146","2023-03-04","Pending","27104.37"
"ORD-50437","CUST-1399","2026-02-12","Shipped","20571.58"
"ORD-50438","CUST-1042","2025-01-03","Delivered","62812.25"
"ORD-50439","CUST-1717","2023-08-22","Cancelled","23795.13"
"ORD-50440","CUST-1498","2023-12-06","Pending","36733.45"
"ORD-50441","CUST-1111","2025-09-30","Delivered","32766.75"
"ORD-50442","CUST-1132","2024-11-28","Pending","8610.52"
"ORD-50443","CUST-1094","2025-12-01","Cancelled","82277.82"
"ORD-50444","CUST-1752","2023-06-08","Cancelled","38822.58"
"ORD-50445","CUST-1247","2025-12-15","Delivered","65431.21"
"ORD-50446","CUST-1783","2024-08-15","Processing","26594.97"
"ORD-50447","CUST-1383","2025-01-20","Processing","28453.18"
"ORD-50448","CUST-1714","2026-03-10","Shipped","58586.14"
"ORD-50449","CUST-1544","2025-02-07","Delivered","86179.06"
"ORD-50450","CUST-1708","2026-04-12","Processing","15095.79"
"ORD-50451","CUST-1356","2023-04-15","Shipped","27531.83"
"ORD-50452","CUST-1480","2024-07-12","Pending","11489.82"
"ORD-50453","CUST-1698","2025-08-16","Delivered","11817.26"
"ORD-50454","CUST-1657","2023-03-24","Processing","38775.12"
"ORD-50455","CUST-1737","2024-04-04","Cancelled","3592.64"
"ORD-50456","CUST-1693","2023-01-30","Pending","33615.12"
"ORD-50457","CUST-1335","2025-12-05","Processing","21360.69"
"ORD-50458","CUST-1441","2024-04-18","Delivered","22069.59"
"ORD-50459","CUST-1306","2023-05-13","Shipped","5965.66"
"ORD-50460","CUST-1499","2024-05-16","Processing","20954.95"
"ORD-50461","CUST-1446","2025-06-07","Delivered","15971.67"
"ORD-50462","CUST-1682","2023-03-23","Cancelled","26913.05"
"ORD-50463","CUST-1658","2023-05-20","Cancelled","16130.58"
"ORD-50464","CUST-1300","2026-01-14","Pending","18023.84"
"ORD-50465","CUST-1357","2025-06-20","Pending","22442.05"
"ORD-50466","CUST-1509","2023-12-05","Shipped","29870.31"
"ORD-50467","CUST-1553","2023-08-01","Cancelled","55927.38"
"ORD-50468","CUST-1665","2026-03-24","Pending","39416.79"
"ORD-50469","CUST-1544","2024-08-21","Pending","30873.5"
"ORD-50470","CUST-1644","2024-07-23","Pending","17333.57"
"ORD-50471","CUST-1349","2023-05-29","Delivered","4865.46"
"ORD-50472","CUST-1648","2024-02-01","Cancelled","3361.5"
"ORD-50473","CUST-1312","2025-06-18","Pending","59760.2"
"ORD-50474","CUST-1372","2025-06-04","Shipped","23607.58"
"ORD-50475","CUST-1704","2025-01-12","Shipped","31998.05"
"ORD-50476","CUST-1061","2025-06-07","Cancelled","26541.35"
"ORD-50477","CUST-1245","2023-05-13","Shipped","20158.62"
"ORD-50478","CUST-1096","2024-07-08","Cancelled","19440.56"
"ORD-50479","CUST-1317","2024-04-15","Delivered","59546.36"
"ORD-50480","CUST-1548","2026-01-23","Processing","39062.38"
"ORD-50481","CUST-1669","2023-04-19","Shipped","27775.73"
"ORD-50482","CUST-1061","2025-11-08","Delivered","23156.95"
"ORD-50483","CUST-1054","2023-05-26","Pending","18488.85"
"ORD-50484","CUST-1132","2024-12-20","Processing","14201.57"
"ORD-50485","CUST-1050","2025-01-12","Delivered","33020.02"
"ORD-50486","CUST-1772","2025-06-25","Pending","15095.79"
"ORD-50487","CUST-1007","2023-05-01","Shipped","3862.5"
"ORD-50488","CUST-1484","2023-02-24","Pending","64578.17"
"ORD-50489","CUST-1181","2026-02-25","Processing","54808.09"
"ORD-50490","CUST-1100","2024-10-06","Processing","11739.86"
"ORD-50491","CUST-1299","2026-01-03","Processing","34953.97"
"ORD-50492","CUST-1613","2024-01-07","Pending","54252.93"
"ORD-50493","CUST-1226","2023-10-18","Cancelled","13383.6"
"ORD-50494","CUST-1127","2023-05-12","Pending","46502.21"
"ORD-50495","CUST-1585","2025-09-21","Delivered","38442.79"
"ORD-50496","CUST-1620","2023-01-11","Cancelled","46328.48"
"ORD-50497","CUST-1306","2024-06-23","Cancelled","26915.19"
"ORD-50498","CUST-1657","2024-04-19","Cancelled","13539.1"
"ORD-50499","CUST-1206","2025-11-01","Cancelled","29358.24"
"ORD-50500","CUST-1275","2023-11-25","Cancelled","38922.67"
"ORD-50501","CUST-1776","2024-01-28","Cancelled","49314.66"
"ORD-50502","CUST-1710","2023-07-17","Processing","4080.39"
"ORD-50503","CUST-1504","2025-04-29","Cancelled","47767.2"
"ORD-50504","CUST-1252","2023-03-27","Processing","10532.61"
"ORD-50505","CUST-1088","2025-12-31","Delivered","34633.48"
"ORD-50506","CUST-1665","2023-01-19","Pending","56477.02"
"ORD-50507","CUST-1701","2025-04-13","Processing","38265.76"
"ORD-50508","CUST-1499","2023-04-11","Processing","9434.88"
"ORD-50509","CUST-1159","2025-12-24","Shipped","8195.73"
"ORD-50510","CUST-1636","2023-12-26","Processing","25383.61"
"ORD-50511","CUST-1755","2025-12-09","Cancelled","1680.75"
"ORD-50512","CUST-1304","2024-11-16","Pending","4080.39"
"ORD-50513","CUST-1227","2025-04-19","Cancelled","49809.54"
"ORD-50514","CUST-1746","2024-04-12","Pending","17896.98"
"ORD-50515","CUST-1684","2023-10-20","Shipped","48740.07"
"ORD-50516","CUST-1647","2025-01-08","Shipped","42004.07"
"ORD-50517","CUST-1328","2023-08-22","Delivered","34160.71"
"ORD-50518","CUST-1735","2023-01-12","Shipped","27035.76"
"ORD-50519","CUST-1009","2024-01-17","Delivered","4606.48"
"ORD-50520","CUST-1589","2024-07-22","Shipped","5376.86"
"ORD-50521","CUST-1628","2024-08-26","Delivered","13718.53"
"ORD-50522","CUST-1753","2024-02-15","Shipped","21953.96"
"ORD-50523","CUST-1423","2024-07-19","Cancelled","2871.84"
"ORD-50524","CUST-1475","2024-03-03","Processing","37902.41"
"ORD-50525","CUST-1009","2024-05-27","Delivered","18343.46"
"ORD-50526","CUST-1548","2025-12-02","Processing","28304.64"
"ORD-50527","CUST-1578","2023-02-22","Cancelled","34689.57"
"ORD-50528","CUST-1399","2025-09-26","Cancelled","29431.2"
"ORD-50529","CUST-1033","2023-07-21","Delivered","52998.94"
"ORD-50530","CUST-1657","2025-02-03","Shipped","14826.43"
"ORD-50531","CUST-1340","2025-01-29","Cancelled","36893.25"
"ORD-50532","CUST-1088","2024-02-26","Shipped","26609.21"
"ORD-50533","CUST-1321","2026-04-04","Delivered","16359.09"
"ORD-50534","CUST-1500","2024-06-03","Pending","23105.05"
"ORD-50535","CUST-1177","2025-04-10","Pending","51449.89"
"ORD-50536","CUST-1563","2023-02-09","Delivered","16556.25"
"ORD-50537","CUST-1048","2025-06-12","Pending","17283.42"
"ORD-50538","CUST-1480","2025-07-16","Delivered","38669.32"
"ORD-50539","CUST-1318","2026-02-10","Cancelled","15695.26"
"ORD-50540","CUST-1265","2023-07-30","Delivered","61369.71"
"ORD-50541","CUST-1258","2026-01-21","Shipped","24212.09"
"ORD-50542","CUST-1442","2024-02-07","Processing","34738.61"
"ORD-50543","CUST-1284","2024-09-27","Delivered","17723.55"
"ORD-50544","CUST-1731","2025-12-15","Cancelled","55092.97"
"ORD-50545","CUST-1621","2024-09-26","Processing","11120.65"
"ORD-50546","CUST-1181","2023-07-04","Cancelled","38606.27"
"ORD-50547","CUST-1657","2023-06-18","Processing","23048.76"
"ORD-50548","CUST-1724","2023-02-08","Shipped","19005.08"
"ORD-50549","CUST-1507","2023-12-25","Shipped","21132.45"
"ORD-50550","CUST-1051","2023-08-06","Processing","10753.72"
"ORD-50551","CUST-1573","2025-12-02","Pending","24836.14"
"ORD-50552","CUST-1123","2025-08-26","Pending","45215.32"
"ORD-50553","CUST-1258","2025-12-08","Delivered","81919.63"
"ORD-50554","CUST-1375","2023-02-10","Delivered","17964.32"
"ORD-50555","CUST-1455","2025-10-15","Pending","40094.87"
"ORD-50556","CUST-1652","2026-04-27","Cancelled","42000.91"
"ORD-50557","CUST-1173","2026-01-09","Pending","3361.5"
"ORD-50558","CUST-1309","2025-02-06","Pending","45361.89"
"ORD-50559","CUST-1571","2024-04-25","Shipped","9212.96"
"ORD-50560","CUST-1307","2024-07-05","Pending","29361.75"
"ORD-50561","CUST-1419","2025-12-29","Cancelled","20082.66"
"ORD-50562","CUST-1190","2024-08-24","Pending","39690.79"
"ORD-50563","CUST-1590","2024-12-26","Delivered","13651.44"
"ORD-50564","CUST-1173","2025-12-03","Processing","41896.24"
"ORD-50565","CUST-1146","2024-01-30","Pending","13988.28"
"ORD-50566","CUST-1725","2025-08-07","Shipped","65113.44"
"ORD-50567","CUST-1236","2023-06-19","Pending","13184.69"
"ORD-50568","CUST-1031","2023-03-06","Delivered","8609.59"
"ORD-50569","CUST-1472","2023-07-29","Cancelled","4462.11"
"ORD-50570","CUST-1209","2023-02-01","Shipped","2871.84"
"ORD-50571","CUST-1642","2026-03-09","Shipped","9687.73"
"ORD-50572","CUST-1663","2026-02-16","Pending","13150.66"
"ORD-50573","CUST-1062","2024-06-02","Pending","7298.19"
"ORD-50574","CUST-1699","2024-05-25","Processing","12502.38"
"ORD-50575","CUST-1567","2025-06-23","Delivered","23263.47"
"ORD-50576","CUST-1196","2025-09-01","Shipped","19955.44"
"ORD-50577","CUST-1768","2025-01-22","Shipped","13304.75"
"ORD-50578","CUST-1476","2023-11-25","Delivered","39236.74"
"ORD-50579","CUST-1357","2023-05-04","Shipped","9265.29"
"ORD-50580","CUST-1544","2025-03-31","Shipped","14493.52"
"ORD-50581","CUST-1517","2025-06-21","Delivered","39454.58"
"ORD-50582","CUST-1242","2025-06-30","Delivered","25175"
"ORD-50583","CUST-1266","2025-09-09","Cancelled","35861.73"
"ORD-50584","CUST-1511","2024-09-19","Cancelled","28507.62"
"ORD-50585","CUST-1329","2025-09-16","Processing","9630.54"
"ORD-50586","CUST-1217","2024-05-02","Delivered","41252.55"
"ORD-50587","CUST-1120","2023-10-07","Pending","12380.08"
"ORD-50588","CUST-1538","2023-01-29","Cancelled","7021.74"
"ORD-50589","CUST-1295","2025-12-06","Delivered","26836.01"
"ORD-50590","CUST-1535","2024-10-26","Pending","55043.89"
"ORD-50591","CUST-1713","2025-07-13","Pending","65888.24"
"ORD-50592","CUST-1070","2024-04-23","Pending","16940.87"
"ORD-50593","CUST-1735","2024-12-30","Cancelled","2432.73"
"ORD-50594","CUST-1690","2024-03-30","Processing","17373.74"
"ORD-50595","CUST-1094","2026-02-25","Delivered","20936.87"
"ORD-50596","CUST-1574","2023-09-17","Processing","9971"
"ORD-50597","CUST-1246","2023-07-22","Pending","50772.66"
"ORD-50598","CUST-1736","2024-03-31","Pending","9787.25"
"ORD-50599","CUST-1469","2026-01-13","Cancelled","14305.02"
"ORD-50600","CUST-1444","2024-05-10","Delivered","16297.68"
"ORD-50601","CUST-1629","2024-07-11","Delivered","47255.39"
"ORD-50602","CUST-1458","2025-05-18","Processing","13988.28"
"ORD-50603","CUST-1688","2023-12-01","Delivered","26363.61"
"ORD-50604","CUST-1706","2026-01-11","Shipped","30538.77"
"ORD-50605","CUST-1578","2026-04-07","Pending","13148.75"
"ORD-50606","CUST-1640","2023-06-02","Processing","36052.9"
"ORD-50607","CUST-1720","2025-08-04","Processing","12034.22"
"ORD-50608","CUST-1750","2024-10-05","Delivered","24041.04"
"ORD-50609","CUST-1769","2025-08-09","Processing","18655.25"
"ORD-50610","CUST-1507","2025-09-21","Delivered","28592.49"
"ORD-50611","CUST-1185","2023-09-05","Processing","27489.26"
"ORD-50612","CUST-1035","2024-08-28","Pending","47258.73"
"ORD-50613","CUST-1410","2025-01-26","Cancelled","37387.15"
"ORD-50614","CUST-1055","2023-12-10","Pending","32109.79"
"ORD-50615","CUST-1138","2025-05-06","Shipped","19287.73"
"ORD-50616","CUST-1058","2023-05-03","Shipped","18551.24"
"ORD-50617","CUST-1275","2025-04-27","Cancelled","21836.08"
"ORD-50618","CUST-1321","2026-02-18","Pending","74320.91"
"ORD-50619","CUST-1214","2024-01-08","Processing","49277.7"
"ORD-50620","CUST-1438","2025-11-07","Shipped","17725.89"
"ORD-50621","CUST-1440","2024-03-18","Delivered","17725.89"
"ORD-50622","CUST-1320","2026-05-12","Delivered","13651.44"
"ORD-50623","CUST-1362","2025-12-01","Delivered","6176.86"
"ORD-50624","CUST-1488","2024-06-30","Pending","10974.81"
"ORD-50625","CUST-1419","2023-06-02","Cancelled","37564.22"
"ORD-50626","CUST-1040","2025-10-18","Processing","31438.88"
"ORD-50627","CUST-1018","2026-03-20","Processing","26135.05"
"ORD-50628","CUST-1673","2023-05-23","Shipped","9325.52"
"ORD-50629","CUST-1049","2023-06-19","Processing","5908.63"
"ORD-50630","CUST-1283","2024-10-09","Delivered","29581.7"
"ORD-50631","CUST-1323","2023-08-25","Cancelled","33884.48"
"ORD-50632","CUST-1149","2025-05-29","Delivered","32116.09"
"ORD-50633","CUST-1388","2025-02-23","Processing","22114.38"
"ORD-50634","CUST-1518","2025-12-13","Delivered","55525.2"
"ORD-50635","CUST-1434","2024-02-11","Pending","19030.53"
"ORD-50636","CUST-1245","2025-02-26","Shipped","15971.67"
"ORD-50637","CUST-1337","2024-11-01","Pending","37438.1"
"ORD-50638","CUST-1031","2024-09-20","Delivered","57789.26"
"ORD-50639","CUST-1411","2026-05-13","Processing","5376.86"
"ORD-50640","CUST-1503","2024-05-06","Pending","23085.47"
"ORD-50641","CUST-1507","2025-10-01","Cancelled","33704.07"
"ORD-50642","CUST-1792","2024-12-05","Cancelled","21622.59"
"ORD-50643","CUST-1003","2023-11-08","Delivered","14477.82"
"ORD-50644","CUST-1699","2024-12-12","Processing","14182.39"
"ORD-50645","CUST-1044","2025-07-25","Shipped","17725.89"
"ORD-50646","CUST-1215","2026-04-14","Pending","5743.68"
"ORD-50647","CUST-1313","2026-02-03","Cancelled","20739.63"
"ORD-50648","CUST-1601","2025-03-14","Delivered","8999.49"
"ORD-50649","CUST-1310","2025-01-30","Pending","26725.38"
"ORD-50650","CUST-1751","2023-11-25","Cancelled","12325.9"
"ORD-50651","CUST-1685","2024-10-21","Cancelled","23879.76"
"ORD-50652","CUST-1738","2024-03-19","Cancelled","45799.59"
"ORD-50653","CUST-1639","2024-09-10","Shipped","41546.04"
"ORD-50654","CUST-1725","2026-04-04","Shipped","18253.79"
"ORD-50655","CUST-1222","2024-11-09","Delivered","50646.72"
"ORD-50656","CUST-1480","2024-09-26","Delivered","7371.46"
"ORD-50657","CUST-1578","2023-12-30","Shipped","11817.26"
"ORD-50658","CUST-1260","2024-12-08","Cancelled","7371.46"
"ORD-50659","CUST-1021","2023-09-30","Delivered","24695.87"
"ORD-50660","CUST-1317","2025-07-27","Processing","9016.86"
"ORD-50661","CUST-1129","2026-04-11","Delivered","36718.24"
"ORD-50662","CUST-1380","2024-07-18","Shipped","38467.46"
"ORD-50663","CUST-1115","2025-08-27","Processing","28373.67"
"ORD-50664","CUST-1396","2026-03-24","Pending","1287.5"
"ORD-50665","CUST-1405","2023-05-09","Pending","13819.44"
"ORD-50666","CUST-1784","2025-07-05","Pending","21586.84"
"ORD-50667","CUST-1359","2023-10-11","Delivered","21958.19"
"ORD-50668","CUST-1413","2025-07-18","Shipped","33353.73"
"ORD-50669","CUST-1737","2024-04-20","Cancelled","54274.47"
"ORD-50670","CUST-1258","2023-09-09","Cancelled","32385.03"
"ORD-50671","CUST-1481","2023-06-21","Processing","34622.13"
"ORD-50672","CUST-1518","2025-03-19","Shipped","17565.06"
"ORD-50673","CUST-1341","2025-11-17","Cancelled","9325.52"
"ORD-50674","CUST-1616","2024-06-02","Delivered","13205.26"
"ORD-50675","CUST-1110","2024-07-29","Shipped","47761.38"
"ORD-50676","CUST-1794","2025-06-22","Processing","69822.4"
"ORD-50677","CUST-1713","2025-03-03","Pending","35530.76"
"ORD-50678","CUST-1672","2025-08-04","Shipped","57135.43"
"ORD-50679","CUST-1424","2025-04-29","Pending","13763.44"
"ORD-50680","CUST-1601","2026-02-22","Processing","17896.98"
"ORD-50681","CUST-1444","2024-07-11","Delivered","30464.87"
"ORD-50682","CUST-1159","2025-03-25","Shipped","13995.54"
"ORD-50683","CUST-1018","2025-05-09","Pending","33196.88"
"ORD-50684","CUST-1490","2024-09-03","Processing","30718.7"
"ORD-50685","CUST-1665","2025-02-18","Cancelled","40913.4"
"ORD-50686","CUST-1406","2024-02-02","Processing","4462.11"
"ORD-50687","CUST-1003","2023-07-09","Shipped","27879.61"
"ORD-50688","CUST-1627","2024-12-26","Cancelled","20777.13"
"ORD-50689","CUST-1255","2023-01-13","Delivered","47404.52"
"ORD-50690","CUST-1315","2023-05-20","Pending","41344"
"ORD-50691","CUST-1028","2023-05-12","Cancelled","7316.54"
"ORD-50692","CUST-1398","2024-01-04","Processing","38892.02"
"ORD-50693","CUST-1132","2024-01-05","Pending","7125.48"
"ORD-50694","CUST-1800","2025-01-14","Cancelled","21555.25"
"ORD-50695","CUST-1122","2024-04-15","Pending","6954.14"
"ORD-50696","CUST-1523","2024-03-01","Processing","28754.3"
"ORD-50697","CUST-1309","2026-02-18","Delivered","29271.83"
"ORD-50698","CUST-1601","2023-01-31","Processing","35099.61"
"ORD-50699","CUST-1144","2023-07-11","Processing","5376.86"
"ORD-50700","CUST-1450","2024-08-04","Pending","57005.98"
"ORD-50701","CUST-1300","2024-12-09","Shipped","29979.93"
"ORD-50702","CUST-1324","2024-02-03","Processing","18389.21"
"ORD-50703","CUST-1255","2023-08-08","Shipped","18352.38"
"ORD-50704","CUST-1678","2024-11-21","Shipped","15095.79"
"ORD-50705","CUST-1227","2025-11-16","Pending","21509.13"
"ORD-50706","CUST-1033","2025-03-22","Shipped","25060.21"
"ORD-50707","CUST-1447","2024-11-26","Delivered","18023.84"
"ORD-50708","CUST-1155","2025-01-04","Pending","18023.84"
"ORD-50709","CUST-1637","2024-07-09","Cancelled","65945.69"
"ORD-50710","CUST-1548","2024-06-16","Delivered","59272.64"
"ORD-50711","CUST-1756","2023-06-05","Pending","47102.02"
"ORD-50712","CUST-1711","2023-06-15","Cancelled","18009.12"
"ORD-50713","CUST-1296","2025-03-29","Pending","29361.75"
"ORD-50714","CUST-1246","2024-09-04","Processing","17896.98"
"ORD-50715","CUST-1523","2026-05-17","Delivered","37823.97"
"ORD-50716","CUST-1270","2025-11-05","Pending","42797.81"
"ORD-50717","CUST-1398","2025-04-04","Processing","16719.38"
"ORD-50718","CUST-1648","2025-09-19","Processing","4606.48"
"ORD-50719","CUST-1130","2023-11-18","Delivered","32953.84"
"ORD-50720","CUST-1378","2023-06-23","Shipped","17665.99"
"ORD-50721","CUST-1523","2025-06-22","Cancelled","9327.57"
"ORD-50722","CUST-1304","2024-03-05","Pending","22463.93"
"ORD-50723","CUST-1204","2024-04-18","Shipped","26407.1"
"ORD-50724","CUST-1788","2026-03-22","Processing","44665.75"
"ORD-50725","CUST-1594","2023-02-13","Processing","1287.5"
"ORD-50726","CUST-1324","2024-08-01","Cancelled","24970.78"
"ORD-50727","CUST-1172","2025-12-30","Shipped","34757.99"
"ORD-50728","CUST-1477","2026-05-10","Delivered","26284.47"
"ORD-50729","CUST-1308","2023-06-26","Processing","28007.45"
"ORD-50730","CUST-1183","2026-05-01","Pending","48087.47"
"ORD-50731","CUST-1458","2025-09-14","Cancelled","15830.46"
"ORD-50732","CUST-1459","2023-05-05","Cancelled","24534.47"
"ORD-50733","CUST-1411","2024-04-28","Processing","9787.25"
"ORD-50734","CUST-1577","2024-04-14","Pending","30573.73"
"ORD-50735","CUST-1678","2024-06-26","Processing","43400.43"
"ORD-50736","CUST-1397","2023-01-22","Shipped","4080.39"
"ORD-50737","CUST-1273","2025-01-24","Processing","29935.61"
"ORD-50738","CUST-1320","2024-02-18","Pending","38835.7"
"ORD-50739","CUST-1471","2024-03-04","Pending","49184.51"
"ORD-50740","CUST-1746","2026-02-10","Delivered","16150.12"
"ORD-50741","CUST-1662","2025-12-03","Pending","23393.63"
"ORD-50742","CUST-1187","2023-08-16","Pending","44543.89"
"ORD-50743","CUST-1078","2024-03-25","Processing","35477.61"
"ORD-50744","CUST-1541","2026-04-18","Shipped","36943.88"
"ORD-50745","CUST-1673","2024-12-19","Pending","24629.44"
"ORD-50746","CUST-1692","2025-01-04","Delivered","45340.39"
"ORD-50747","CUST-1482","2025-11-23","Cancelled","53075.43"
"ORD-50748","CUST-1387","2026-02-11","Pending","28840.5"
"ORD-50749","CUST-1436","2025-04-04","Shipped","42894.74"
"ORD-50750","CUST-1109","2025-11-12","Shipped","3566.69"
"ORD-50751","CUST-1067","2026-02-26","Delivered","13500.91"
"ORD-50752","CUST-1012","2024-05-19","Pending","26998.47"
"ORD-50753","CUST-1430","2023-01-09","Pending","12325.9"
"ORD-50754","CUST-1624","2025-07-17","Pending","36902.06"
"ORD-50755","CUST-1664","2026-02-08","Cancelled","18546.67"
"ORD-50756","CUST-1505","2026-02-16","Cancelled","3862.5"
"ORD-50757","CUST-1580","2024-02-26","Pending","47761.38"
"ORD-50758","CUST-1454","2025-03-04","Cancelled","36751.92"
"ORD-50759","CUST-1276","2024-05-26","Processing","73140.5"
"ORD-50760","CUST-1738","2023-09-29","Processing","8615.52"
"ORD-50761","CUST-1177","2024-09-23","Cancelled","17071.77"
"ORD-50762","CUST-1146","2024-04-19","Shipped","16132.95"
"ORD-50763","CUST-1564","2025-05-21","Pending","25766.93"
"ORD-50764","CUST-1048","2026-01-24","Pending","31443.49"
"ORD-50765","CUST-1233","2023-03-02","Pending","23420.91"
"ORD-50766","CUST-1213","2023-06-15","Cancelled","33091.79"
"ORD-50767","CUST-1476","2024-04-30","Cancelled","40325.47"
"ORD-50768","CUST-1121","2025-09-12","Cancelled","32907.56"
"ORD-50769","CUST-1467","2023-06-21","Shipped","28884.18"
"ORD-50770","CUST-1800","2025-07-25","Processing","42761.56"
"ORD-50771","CUST-1392","2025-11-03","Processing","39107.34"
"ORD-50772","CUST-1467","2025-12-18","Shipped","26117.01"
"ORD-50773","CUST-1079","2025-08-02","Delivered","44406.68"
"ORD-50774","CUST-1222","2025-10-25","Cancelled","20922.21"
"ORD-50775","CUST-1015","2024-09-11","Processing","10389.6"
"ORD-50776","CUST-1034","2024-04-14","Delivered","23907.61"
"ORD-50777","CUST-1598","2024-07-30","Pending","6925.71"
"ORD-50778","CUST-1001","2024-05-15","Cancelled","34314.77"
"ORD-50779","CUST-1378","2024-07-14","Delivered","27599.89"
"ORD-50780","CUST-1522","2024-09-08","Delivered","39295.31"
"ORD-50781","CUST-1799","2025-02-22","Shipped","37416.21"
"ORD-50782","CUST-1692","2023-04-14","Delivered","24577.71"
"ORD-50783","CUST-1670","2024-02-03","Processing","24328.97"
"ORD-50784","CUST-1636","2023-07-12","Processing","38368.5"
"ORD-50785","CUST-1600","2024-01-16","Delivered","9265.29"
"ORD-50786","CUST-1028","2024-04-10","Shipped","23954.66"
"ORD-50787","CUST-1031","2024-08-27","Shipped","11817.26"
"ORD-50788","CUST-1215","2025-03-03","Cancelled","2575"
"ORD-50789","CUST-1092","2026-02-12","Processing","11190.52"
"ORD-50790","CUST-1033","2023-12-23","Processing","53021.91"
"ORD-50791","CUST-1799","2024-04-10","Cancelled","22799.22"
"ORD-50792","CUST-1063","2023-08-16","Delivered","41090.44"
"ORD-50793","CUST-1260","2026-05-10","Cancelled","38650.59"
"ORD-50794","CUST-1113","2024-02-18","Processing","14520.32"
"ORD-50795","CUST-1398","2026-02-20","Processing","11873.99"
"ORD-50796","CUST-1777","2025-02-28","Shipped","16024.64"
"ORD-50797","CUST-1218","2023-08-21","Delivered","26613.11"
"ORD-50798","CUST-1544","2024-01-01","Cancelled","30142.81"
"ORD-50799","CUST-1558","2024-04-29","Processing","20777.13"
"ORD-50800","CUST-1367","2025-08-25","Cancelled","32831.63"
"ORD-50801","CUST-1125","2023-01-06","Cancelled","6091"
"ORD-50802","CUST-1455","2025-10-29","Cancelled","6457.89"
"ORD-50803","CUST-1019","2025-03-14","Processing","43664.91"
"ORD-50804","CUST-1638","2026-02-21","Cancelled","24350.14"
"ORD-50805","CUST-1299","2025-06-01","Processing","32191.1"
"ORD-50806","CUST-1520","2026-04-06","Processing","48919.83"
"ORD-50807","CUST-1001","2025-04-21","Delivered","20202.61"
"ORD-50808","CUST-1520","2024-06-23","Pending","36323.99"
"ORD-50809","CUST-1152","2026-05-13","Delivered","45503.66"
"ORD-50810","CUST-1669","2023-10-11","Pending","9391.52"
"ORD-50811","CUST-1783","2024-02-03","Cancelled","27035.76"
"ORD-50812","CUST-1297","2025-04-24","Pending","12325.9"
"ORD-50813","CUST-1774","2025-01-12","Cancelled","53471.4"
"ORD-50814","CUST-1682","2023-04-23","Delivered","6519.3"
"ORD-50815","CUST-1751","2024-12-14","Shipped","13651.44"
"ORD-50816","CUST-1616","2023-04-25","Pending","31834.16"
"ORD-50817","CUST-1549","2024-06-05","Pending","10883.23"
"ORD-50818","CUST-1172","2025-06-02","Delivered","9509.88"
"ORD-50819","CUST-1054","2023-05-17","Delivered","19256.12"
"ORD-50820","CUST-1191","2024-05-23","Processing","17649.79"
"ORD-50821","CUST-1160","2024-03-17","Processing","4080.39"
"ORD-50822","CUST-1106","2026-02-11","Delivered","23772.31"
"ORD-50823","CUST-1127","2023-03-16","Cancelled","6233.34"
"ORD-50824","CUST-1641","2025-03-02","Cancelled","20256.26"
"ORD-50825","CUST-1206","2023-06-08","Processing","25236.82"
"ORD-50826","CUST-1329","2024-04-20","Cancelled","5514.13"
"ORD-50827","CUST-1327","2023-03-20","Shipped","5031.93"
"ORD-50828","CUST-1491","2025-07-03","Processing","5194.8"
"ORD-50829","CUST-1732","2025-03-13","Cancelled","23984.99"
"ORD-50830","CUST-1130","2024-02-12","Shipped","6209.41"
"ORD-50831","CUST-1737","2024-08-21","Shipped","15329.6"
"ORD-50832","CUST-1281","2023-06-21","Pending","25510.59"
"ORD-50833","CUST-1661","2026-03-19","Pending","18023.84"
"ORD-50834","CUST-1174","2023-05-07","Cancelled","5042.25"
"ORD-50835","CUST-1168","2023-04-26","Processing","22662.93"
"ORD-50836","CUST-1338","2024-05-28","Delivered","3361.5"
"ORD-50837","CUST-1073","2025-12-11","Delivered","66612.2"
"ORD-50838","CUST-1660","2025-06-13","Delivered","40227.39"
"ORD-50839","CUST-1666","2024-05-02","Shipped","46561.66"
"ORD-50840","CUST-1720","2025-01-29","Pending","24883.04"
"ORD-50841","CUST-1400","2024-04-05","Cancelled","4080.39"
"ORD-50842","CUST-1318","2024-02-26","Shipped","22835.86"
"ORD-50843","CUST-1780","2024-03-14","Delivered","5514.13"
"ORD-50844","CUST-1321","2023-08-08","Delivered","9821.22"
"ORD-50845","CUST-1039","2025-06-29","Cancelled","17725.89"
"ORD-50846","CUST-1127","2023-12-31","Pending","5908.63"
"ORD-50847","CUST-1620","2024-02-21","Pending","20910.56"
"ORD-50848","CUST-1308","2024-06-10","Processing","40408.46"
"ORD-50849","CUST-1429","2024-12-27","Processing","10389.6"
"ORD-50850","CUST-1488","2024-04-30","Cancelled","6457.89"
"ORD-50851","CUST-1462","2023-10-23","Cancelled","55086.1"
"ORD-50852","CUST-1682","2024-06-08","Processing","18488.85"
"ORD-50853","CUST-1800","2026-02-21","Cancelled","24281.73"
"ORD-50854","CUST-1644","2025-01-23","Pending","27526.38"
"ORD-50855","CUST-1128","2024-06-29","Shipped","23824.87"
"ORD-50856","CUST-1451","2025-11-05","Delivered","9502.54"
"ORD-50857","CUST-1724","2025-03-10","Processing","16286.7"
"ORD-50858","CUST-1448","2024-11-10","Pending","7823.61"
"ORD-50859","CUST-1142","2023-03-25","Delivered","58483.19"
"ORD-50860","CUST-1472","2023-08-26","Delivered","25072.63"
"ORD-50861","CUST-1196","2024-06-18","Cancelled","21034.34"
"ORD-50862","CUST-1050","2023-03-30","Delivered","30450.99"
"ORD-50863","CUST-1491","2023-01-06","Delivered","26639.36"
"ORD-50864","CUST-1389","2026-04-12","Pending","11931.32"
"ORD-50865","CUST-1510","2026-04-19","Pending","3510.87"
"ORD-50866","CUST-1795","2024-07-15","Cancelled","23812.69"
"ORD-50867","CUST-1400","2025-03-10","Shipped","46890.9"
"ORD-50868","CUST-1282","2023-11-08","Processing","24536.86"
"ORD-50869","CUST-1149","2024-09-10","Cancelled","30274.45"
"ORD-50870","CUST-1246","2023-10-31","Delivered","13900.47"
"ORD-50871","CUST-1110","2024-11-23","Shipped","37718.88"
"ORD-50872","CUST-1446","2023-07-25","Pending","46233.1"
"ORD-50873","CUST-1630","2026-03-02","Cancelled","61512.41"
"ORD-50874","CUST-1216","2026-04-13","Processing","17725.89"
"ORD-50875","CUST-1639","2024-07-06","Delivered","46412.82"
"ORD-50876","CUST-1637","2025-01-03","Shipped","10974.81"
"ORD-50877","CUST-1639","2023-10-11","Processing","23101.73"
"ORD-50878","CUST-1033","2023-11-06","Shipped","31221.84"
"ORD-50879","CUST-1255","2023-09-17","Cancelled","11817.26"
"ORD-50880","CUST-1467","2023-08-01","Processing","26057.76"
"ORD-50881","CUST-1462","2026-02-18","Processing","20263.53"
"ORD-50882","CUST-1576","2023-03-30","Processing","21190.9"
"ORD-50883","CUST-1207","2023-02-28","Delivered","29482.8"
"ORD-50884","CUST-1139","2025-09-16","Shipped","35881.43"
"ORD-50885","CUST-1399","2023-02-15","Delivered","24306.99"
"ORD-50886","CUST-1190","2025-06-22","Delivered","28304.64"
"ORD-50887","CUST-1299","2023-03-03","Processing","12776.16"
"ORD-50888","CUST-1677","2024-05-15","Cancelled","7133.38"
"ORD-50889","CUST-1016","2023-07-15","Processing","52533.22"
"ORD-50890","CUST-1769","2023-09-04","Pending","61456.81"
"ORD-50891","CUST-1376","2025-01-12","Delivered","26869.62"
"ORD-50892","CUST-1480","2025-05-18","Shipped","33639.6"
"ORD-50893","CUST-1665","2023-01-10","Cancelled","74949.27"
"ORD-50894","CUST-1674","2023-02-27","Shipped","22503.46"
"ORD-50895","CUST-1127","2025-10-11","Delivered","16077.09"
"ORD-50896","CUST-1418","2023-10-19","Shipped","35600.32"
"ORD-50897","CUST-1279","2025-08-24","Cancelled","21070.05"
"ORD-50898","CUST-1506","2025-09-17","Delivered","34175.89"
"ORD-50899","CUST-1672","2024-02-05","Cancelled","9037.91"
"ORD-50900","CUST-1179","2024-02-19","Processing","28190.95"
"ORD-50901","CUST-1363","2026-04-01","Processing","7371.46"
"ORD-50902","CUST-1715","2026-01-09","Processing","5376.86"
"ORD-50903","CUST-1423","2026-04-03","Pending","5965.66"
"ORD-50904","CUST-1519","2024-06-04","Cancelled","29924.69"
"ORD-50905","CUST-1533","2025-09-10","Cancelled","64594.17"
"ORD-50906","CUST-1249","2025-11-01","Shipped","10532.61"
"ORD-50907","CUST-1358","2025-10-18","Delivered","2871.84"
"ORD-50908","CUST-1069","2025-01-14","Shipped","28891.62"
"ORD-50909","CUST-1736","2023-07-18","Delivered","26605.22"
"ORD-50910","CUST-1539","2026-02-03","Delivered","29903.9"
"ORD-50911","CUST-1786","2024-03-09","Delivered","12325.9"
"ORD-50912","CUST-1552","2023-10-31","Processing","15149.74"
"ORD-50913","CUST-1484","2023-08-22","Processing","57484.75"
"ORD-50914","CUST-1505","2023-05-16","Delivered","13988.28"
"ORD-50915","CUST-1218","2023-09-11","Pending","9787.25"
"ORD-50916","CUST-1099","2023-05-27","Delivered","38149.47"
"ORD-50917","CUST-1211","2026-04-15","Pending","15488.47"
"ORD-50918","CUST-1222","2024-01-07","Processing","59998.05"
"ORD-50919","CUST-1672","2026-04-01","Shipped","42883.11"
"ORD-50920","CUST-1634","2023-10-01","Delivered","11931.32"
"ORD-50921","CUST-1550","2024-10-12","Processing","18488.85"
"ORD-50922","CUST-1204","2024-12-30","Delivered","49901.24"
"ORD-50923","CUST-1597","2024-12-21","Pending","2575"
"ORD-50924","CUST-1076","2025-05-29","Pending","29517.27"
"ORD-50925","CUST-1749","2025-04-02","Delivered","12327.61"
"ORD-50926","CUST-1781","2026-01-05","Processing","64519.78"
"ORD-50927","CUST-1773","2025-11-14","Cancelled","35970.58"
"ORD-50928","CUST-1153","2024-04-11","Cancelled","10566.44"
"ORD-50929","CUST-1264","2025-05-15","Cancelled","16224.11"
"ORD-50930","CUST-1611","2024-12-29","Cancelled","46271.23"
"ORD-50931","CUST-1296","2025-01-28","Cancelled","5376.86"
"ORD-50932","CUST-1189","2025-02-12","Cancelled","3862.5"
"ORD-50933","CUST-1251","2025-05-31","Pending","17998.98"
"ORD-50934","CUST-1221","2025-08-04","Cancelled","45907.26"
"ORD-50935","CUST-1040","2025-02-15","Processing","15547.38"
"ORD-50936","CUST-1268","2026-04-05","Pending","10673.76"
"ORD-50937","CUST-1616","2023-04-19","Processing","19767.39"
"ORD-50938","CUST-1534","2026-05-17","Cancelled","22929.06"
"ORD-50939","CUST-1280","2024-06-03","Processing","18124.3"
"ORD-50940","CUST-1776","2023-08-09","Pending","28220.72"
"ORD-50941","CUST-1066","2024-08-25","Shipped","54162.76"
"ORD-50942","CUST-1487","2024-01-26","Pending","5031.93"
"ORD-50943","CUST-1001","2024-09-05","Cancelled","18628.23"
"ORD-50944","CUST-1181","2026-02-12","Pending","51265.44"
"ORD-50945","CUST-1744","2025-11-25","Cancelled","35703.98"
"ORD-50946","CUST-1662","2024-11-03","Cancelled","56773.3"
"ORD-50947","CUST-1661","2023-12-06","Delivered","32723.25"
"ORD-50948","CUST-1504","2023-06-04","Delivered","37583.31"
"ORD-50949","CUST-1701","2023-09-08","Cancelled","29657.21"
"ORD-50950","CUST-1289","2025-11-27","Pending","49049.77"
"ORD-50951","CUST-1192","2025-10-31","Delivered","12241.17"
"ORD-50952","CUST-1508","2023-03-17","Cancelled","29705.15"
"ORD-50953","CUST-1387","2023-01-06","Shipped","57254.89"
"ORD-50954","CUST-1659","2025-09-10","Processing","9434.88"
"ORD-50955","CUST-1561","2024-04-10","Delivered","9250.31"
"ORD-50956","CUST-1375","2025-10-31","Cancelled","15095.79"
"ORD-50957","CUST-1655","2024-01-11","Delivered","45794.09"
"ORD-50958","CUST-1407","2024-06-06","Shipped","5743.68"
"ORD-50959","CUST-1013","2023-02-27","Shipped","10532.61"
"ORD-50960","CUST-1621","2023-01-01","Processing","31192.4"
"ORD-50961","CUST-1086","2023-09-10","Pending","14369.12"
"ORD-50962","CUST-1300","2026-05-06","Shipped","18649.87"
"ORD-50963","CUST-1323","2023-09-30","Processing","12380.08"
"ORD-50964","CUST-1460","2025-03-12","Pending","23362.34"
"ORD-50965","CUST-1643","2024-07-10","Shipped","11817.26"
"ORD-50966","CUST-1789","2025-03-29","Processing","38336.95"
"ORD-50967","CUST-1170","2025-01-17","Shipped","9787.25"
"ORD-50968","CUST-1238","2025-12-28","Shipped","4550.48"
"ORD-50969","CUST-1261","2025-07-31","Cancelled","34736.95"
"ORD-50970","CUST-1615","2026-05-18","Cancelled","41619.58"
"ORD-50971","CUST-1370","2023-11-07","Delivered","40351.63"
"ORD-50972","CUST-1320","2024-02-06","Processing","17315.31"
"ORD-50973","CUST-1500","2023-01-09","Processing","53528.14"
"ORD-50974","CUST-1784","2023-05-01","Shipped","31497.87"
"ORD-50975","CUST-1450","2024-09-11","Shipped","37992.58"
"ORD-50976","CUST-1203","2026-01-12","Cancelled","22598.03"
"ORD-50977","CUST-1212","2023-10-30","Pending","11965.74"
"ORD-50978","CUST-1537","2024-04-01","Delivered","12325.9"
"ORD-50979","CUST-1456","2024-02-05","Processing","2432.73"
"ORD-50980","CUST-1196","2024-03-29","Cancelled","10974.81"
"ORD-50981","CUST-1353","2025-10-15","Delivered","38115.43"
"ORD-50982","CUST-1400","2024-03-06","Delivered","35965.91"
"ORD-50983","CUST-1328","2024-08-11","Shipped","16130.58"
"ORD-50984","CUST-1746","2023-06-01","Pending","39068.83"
"ORD-50985","CUST-1369","2023-08-31","Cancelled","27479.39"
"ORD-50986","CUST-1417","2024-02-09","Cancelled","34169.21"
"ORD-50987","CUST-1173","2025-03-27","Processing","4080.39"
"ORD-50988","CUST-1551","2025-01-19","Processing","28990.44"
"ORD-50989","CUST-1150","2025-11-17","Shipped","7519.4"
"ORD-50990","CUST-1076","2023-05-11","Shipped","10700.07"
"ORD-50991","CUST-1110","2023-07-31","Processing","26798.17"
"ORD-50992","CUST-1647","2024-11-09","Pending","32833.94"
"ORD-50993","CUST-1189","2025-08-28","Delivered","1287.5"
"ORD-50994","CUST-1308","2026-01-21","Cancelled","29295.62"
"ORD-50995","CUST-1214","2023-10-31","Shipped","10974.81"
"ORD-50996","CUST-1724","2025-06-07","Pending","20777.13"
"ORD-50997","CUST-1721","2025-10-15","Delivered","32971.19"
"ORD-50998","CUST-1683","2024-09-08","Processing","18023.84"
"ORD-50999","CUST-1297","2023-07-03","Processing","56189.4"
"ORD-51000","CUST-1714","2024-04-18","Pending","25181.57"